{
  "meta": {
    "cigars": 3104,
    "drinks": 633,
    "pairs": 1964832,
    "elapsedMs": 43296,
    "prefs": false,
    "generatedAt": "2026-07-22T21:10:54.618Z"
  },
  "moments": {
    "mean": 48.89665935815378,
    "variance": 448.44682293076204,
    "sd": 21.176563057558752,
    "skewness": -0.13819522295173972,
    "excessKurtosis": -0.5883202028869432,
    "min": 0,
    "max": 100,
    "mode": 68,
    "modeCount": 65095,
    "p5": 13,
    "p25": 34,
    "median": 48,
    "p75": 67,
    "p95": 82,
    "iqr": 33
  },
  "edges": {
    "nAt0": 29317,
    "nAt100": 4006,
    "share0": 0.014920868552629436,
    "share100": 0.0020388511587759155,
    "nGe80": 131343,
    "shareGe80": 0.0668469365319783,
    "nLe45": 911886,
    "shareLe45": 0.46410380124102213
  },
  "gauss": {
    "fitMu": 48.89665935815378,
    "fitSigma": 21.176563057558752,
    "jarqueBera": 34590.240227514034,
    "jbRejectAlpha005": true,
    "jbRejectAlpha001": true,
    "chi2": 243927.59157927422,
    "chi2Df": 17,
    "chi2PApprox": 0,
    "chi2Bins": 20,
    "localMaxima": [
      14,
      20,
      26,
      31,
      39,
      46,
      49,
      56,
      59,
      65,
      69,
      77,
      86
    ],
    "unimodalHint": false
  },
  "theory": {
    "weights": {
      "base": 36,
      "bodyPerStep": 12,
      "bodyBonus": 18,
      "overwhelmPenalty": 12,
      "tagOverlap": 7,
      "tagComplement": 5,
      "contrastSweetMaduro": 14,
      "wrapperMatch": 10,
      "strengthPowerMatch": 8,
      "strengthPowerMismatch": 10,
      "qualityNudge": 2,
      "curatedHintMinScore": 80,
      "curatedWarnMaxScore": 45,
      "personal": 5
    },
    "theoMinUnclamped": -46,
    "theoMaxUnclamped": 128,
    "empiricRawMin": -32,
    "empiricRawMax": 122,
    "clampedLow": 27367,
    "clampedHigh": 3297,
    "shareClampedLow": 0.01392841728962069,
    "shareClampedHigh": 0.0016780060585332487
  },
  "logic": {
    "invariantFail": 0,
    "nonInteger": 0,
    "additivityMismatch": 0,
    "tagCapViolation": 0,
    "bodyMonoChecks": 666,
    "bodyMonoViolations": 0,
    "notes": [
      "qualityNudge ulazi u score ali nema PairingReason",
      "bodyDiff===1 kaznjava score bez PairingReason (samo >=2 dobiva reason)",
      "score = clamp(round(raw), 0, 100)"
    ]
  },
  "byCategory": {
    "rum": {
      "n": 456288,
      "mean": 46.521343975734624
    },
    "whisky": {
      "n": 862912,
      "mean": 49.04215377697842
    },
    "brandy": {
      "n": 260736,
      "mean": 54.8475162616593
    },
    "wine": {
      "n": 176928,
      "mean": 44.892849068547655
    },
    "coffee": {
      "n": 102432,
      "mean": 47.08221063730085
    },
    "tequila": {
      "n": 43456,
      "mean": 48.92339377761414
    },
    "gin": {
      "n": 62080,
      "mean": 53.72524162371134
    }
  },
  "byBodyDiff": {
    "0": {
      "n": 705599,
      "mean": 71.22140620947592
    },
    "1": {
      "n": 917936,
      "mean": 42.07372082585278
    },
    "2": {
      "n": 290092,
      "mean": 23.687344015002136
    },
    "3": {
      "n": 47939,
      "mean": 6.746427751934751
    },
    "4": {
      "n": 3266,
      "mean": 1.2428046540110227
    }
  },
  "ruleHits": {
    "body-match": 705599,
    "flavor-complement": 1768469,
    "wrapper-affinity": 538618,
    "flavor-shared": 600178,
    "body-mismatch": 341297,
    "power-match": 57552,
    "strength-overwhelm": 62784,
    "power-mismatch": 54208,
    "contrast-sweet-maduro": 29928
  },
  "ruleHitShare": {
    "body-match": 0.35911416345010666,
    "flavor-complement": 0.9000611757137505,
    "wrapper-affinity": 0.27412928942525366,
    "flavor-shared": 0.3054602123743913,
    "body-mismatch": 0.17370289164671585,
    "power-match": 0.02929105389163043,
    "strength-overwhelm": 0.03195387697268774,
    "power-mismatch": 0.027589127212911842,
    "contrast-sweet-maduro": 0.015231836615038843
  }
}